[{"pos_x": 116.967, "pos_y": -105.791, "rotation": 0.0, "side": "top", "designator": "G***", "mpn": null, "pack": "LOGO", "value": "LOGO", "mount_type": "tht", "place": false}, {"pos_x": 132.576808, "pos_y": -106.172, "rotation": 90.0, "side": "top", "designator": "ESP1", "mpn": null, "pack": "Combined Sockets_1x16_1x12", "value": "ESP32 S3 Feather ", "mount_type": "tht", "place": true}, {"pos_x": 188.595, "pos_y": -80.860739, "rotation": -120.0, "side": "bottom", "designator": "R2", "mpn": null, "pack": "R_Axial_DIN0411_L9.9mm_D3.6mm_P12.70mm_Horizontal", "value": "R", "mount_type": "tht", "place": true}, {"pos_x": 128.342521, "pos_y": -105.641979, "rotation": 0.0, "side": "bottom", "designator": "J2", "mpn": null, "pack": "PinSocket_1x10_P2.54mm_Vertical_1", "value": "Conn_01x10_Socket", "mount_type": "tht", "place": true}, {"pos_x": 115.57, "pos_y": -90.0195, "rotation": -90.0, "side": "bottom", "designator": "R4", "mpn": null, "pack": "R_0805_2012Metric", "value": "R", "mount_type": "smt", "place": true}, {"pos_x": 115.585, "pos_y": -96.204, "rotation": -90.0, "side": "bottom", "designator": "J1", "mpn": null, "pack": "PinHeader_2x03_P2.54mm_Horizontal", "value": "Conn_02x03_Top_Bottom", "mount_type": "tht", "place": true}, {"pos_x": 133.985, "pos_y": -81.6864, "rotation": 0.0, "side": "bottom", "designator": "R7", "mpn": null, "pack": "R_0805_2012Metric", "value": "R", "mount_type": "smt", "place": true}, {"pos_x": 184.404, "pos_y": -96.012, "rotation": -90.0, "side": "bottom", "designator": "J4", "mpn": null, "pack": "PinHeader_2x03_P2.54mm_Horizontal", "value": "Conn_02x03_Top_Bottom", "mount_type": "tht", "place": true}, {"pos_x": 190.246, "pos_y": -89.154, "rotation": -90.0, "side": "bottom", "designator": "R1", "mpn": null, "pack": "R_0805_2012Metric", "value": "R", "mount_type": "smt", "place": true}, {"pos_x": 162.9918, "pos_y": -97.6698, "rotation": 0.0, "side": "bottom", "designator": "RV2", "mpn": null, "pack": "SSS_PotentiometerV3", "value": "Amp Sec Pot", "mount_type": "tht", "place": true}, {"pos_x": 115.951, "pos_y": -81.114739, "rotation": -60.0, "side": "bottom", "designator": "R3", "mpn": null, "pack": "R_Axial_DIN0411_L9.9mm_D3.6mm_P12.70mm_Horizontal", "value": "R", "mount_type": "tht", "place": true}, {"pos_x": 179.197, "pos_y": -81.407, "rotation": 180.0, "side": "bottom", "designator": "J3", "mpn": null, "pack": "PinHeader_1x02_P2.54mm_Vertical", "value": "Conn_02x01", "mount_type": "tht", "place": true}, {"pos_x": 160.7566, "pos_y": -81.534, "rotation": 0.0, "side": "bottom", "designator": "R6", "mpn": null, "pack": "R_Axial_DIN0411_L9.9mm_D3.6mm_P12.70mm_Horizontal", "value": "R", "mount_type": "tht", "place": true}, {"pos_x": 140.232525, "pos_y": -97.604202, "rotation": 0.0, "side": "bottom", "designator": "RV1", "mpn": null, "pack": "SSS_PotentiometerV3", "value": "Time Sec Pot", "mount_type": "tht", "place": true}, {"pos_x": 156.2354, "pos_y": -81.6864, "rotation": 0.0, "side": "bottom", "designator": "R5", "mpn": null, "pack": "R_0805_2012Metric", "value": "R", "mount_type": "smt", "place": true}, {"pos_x": 138.6078, "pos_y": -81.534, "rotation": 0.0, "side": "bottom", "designator": "R8", "mpn": null, "pack": "R_Axial_DIN0411_L9.9mm_D3.6mm_P12.70mm_Horizontal", "value": "R", "mount_type": "tht", "place": true}]