[{"pos_x": 144.78, "pos_y": -127.0, "rotation": 180.0, "side": "top", "designator": "C1", "mpn": null, "pack": "C_Disc_D3.8mm_W2.6mm_P2.50mm", "value": ".1uF", "mount_type": "tht", "place": true}, {"pos_x": 154.86, "pos_y": -119.38, "rotation": 180.0, "side": "top", "designator": "C2", "mpn": null, "pack": "CP_Radial_D10.0mm_P5.00mm", "value": "330uF", "mount_type": "tht", "place": true}, {"pos_x": 159.258, "pos_y": -67.183, "rotation": 0.0, "side": "top", "designator": "G***", "mpn": null, "pack": "LOGO", "value": "LOGO", "mount_type": "tht", "place": false}, {"pos_x": 154.78, "pos_y": -137.16, "rotation": 180.0, "side": "top", "designator": "C3", "mpn": null, "pack": "CP_Radial_D10.0mm_P5.00mm", "value": "330uF", "mount_type": "tht", "place": true}, {"pos_x": 117.429872, "pos_y": -141.650128, "rotation": 45.0, "side": "top", "designator": "R1", "mpn": null, "pack": "R_Axial_DIN0411_L9.9mm_D3.6mm_P12.70mm_Horizontal", "value": "65 ohms", "mount_type": "tht", "place": true}, {"pos_x": 136.961, "pos_y": -68.326, "rotation": 0.0, "side": "top", "designator": "J2", "mpn": null, "pack": "PinSocket_2x03_P2.54mm_Vertical", "value": "Conn_02x03_Top_Bottom", "mount_type": "tht", "place": true}, {"pos_x": 166.250125, "pos_y": -118.364, "rotation": 90.0, "side": "top", "designator": "J3", "mpn": null, "pack": "PhoenixContact_MSTBA_2,5_6-G-5,08_1x06_P5.08mm_Horizontal", "value": "Screw_Terminal_01x06", "mount_type": "tht", "place": true}, {"pos_x": 117.048872, "pos_y": -67.391872, "rotation": -45.0, "side": "top", "designator": "R2", "mpn": null, "pack": "R_Axial_DIN0411_L9.9mm_D3.6mm_P12.70mm_Horizontal", "value": "65 ohms", "mount_type": "tht", "place": true}, {"pos_x": 136.961, "pos_y": -137.16, "rotation": 0.0, "side": "top", "designator": "J1", "mpn": null, "pack": "PinSocket_2x03_P2.54mm_Vertical", "value": "Conn_02x03_Top_Bottom", "mount_type": "tht", "place": true}, {"pos_x": 110.78, "pos_y": -71.12, "rotation": -90.0, "side": "top", "designator": "D2", "mpn": null, "pack": "LED_D3.0mm_Horizontal_O3.81mm_Z10.0mm", "value": "LED", "mount_type": "tht", "place": true}, {"pos_x": 163.957, "pos_y": -76.93323, "rotation": 0.0, "side": "top", "designator": "SW2", "mpn": null, "pack": "SW_DIP_SPSTx04_Slide_9.78x12.34mm_W7.62mm_P2.54mm", "value": "SW_DIP_x04", "mount_type": "tht", "place": true}, {"pos_x": 110.78, "pos_y": -137.16, "rotation": -90.0, "side": "top", "designator": "D1", "mpn": null, "pack": "LED_D3.0mm_Horizontal_O3.81mm_Z10.0mm", "value": "LED", "mount_type": "tht", "place": true}, {"pos_x": 162.510337, "pos_y": -130.533256, "rotation": 180.0, "side": "top", "designator": "J4", "mpn": null, "pack": "BarrelJack_Horizontal", "value": "Barrel_Jack", "mount_type": "tht", "place": true}]